{
  "9e7a1054-3372-48d7-98ec-a110deb761cb": {
    "id": "9e7a1054-3372-48d7-98ec-a110deb761cb",
    "workdir": "workspaces\\9e7a1054-3372-48d7-98ec-a110deb761cb",
    "video_path": null,
    "srt_path": null,
    "wav_16k": null,
    "segjson": null,
    "spkjson": null,
    "srt_id": null,
    "status": "created",
    "progress": 0,
    "current_step": "",
    "created_at": 1760443694.8135512,
    "updated_at": 1760443694.8135512,
    "error": null
  },
  "d34c11a6-57c1-4ae7-a447-6d53fb8ca008": {
    "id": "d34c11a6-57c1-4ae7-a447-6d53fb8ca008",
    "workdir": "workspaces\\d34c11a6-57c1-4ae7-a447-6d53fb8ca008",
    "video_path": null,
    "srt_path": null,
    "wav_16k": null,
    "segjson": null,
    "spkjson": null,
    "srt_id": null,
    "status": "created",
    "progress": 0,
    "current_step": "",
    "created_at": 1760443712.484803,
    "updated_at": 1760443712.484803,
    "error": null
  },
  "b666821f-d56a-4894-b7dc-93e8fae76a92": {
    "id": "b666821f-d56a-4894-b7dc-93e8fae76a92",
    "workdir": "workspaces\\b666821f-d56a-4894-b7dc-93e8fae76a92",
    "video_path": null,
    "srt_path": null,
    "wav_16k": null,
    "segjson": null,
    "spkjson": null,
    "srt_id": null,
    "status": "created",
    "progress": 0,
    "current_step": "",
    "created_at": 1760444530.9380372,
    "updated_at": 1760444530.9380372,
    "error": null
  },
  "0c4b46f2-96c0-452e-8c28-a58924992c52": {
    "id": "0c4b46f2-96c0-452e-8c28-a58924992c52",
    "workdir": "workspaces\\0c4b46f2-96c0-452e-8c28-a58924992c52",
    "video_path": null,
    "srt_path": null,
    "wav_16k": null,
    "segjson": null,
    "spkjson": null,
    "srt_id": null,
    "status": "created",
    "progress": 0,
    "current_step": "",
    "created_at": 1760444571.8384533,
    "updated_at": 1760444571.8384533,
    "error": null
  }
}